{
    "lowerbound": [
        -140.0,
        -206.0,
        -324.0,
        -247.0,
        -153.0,
        -249.0,
        -369.0,
        -522.0,
        -554.0,
        -411.0,
        -290.0,
        -209.0
    ],
    "upperbound": [
        287.0,
        297.0,
        236.0,
        118.5,
        270.0,
        245.5,
        219.0,
        297.0,
        366.0,
        450.0,
        451.0,
        396.0
    ],
    "mean": [
        5.438902932045533,
        4.386144027595723,
        -0.8828521117626768,
        -4.901228423594343,
        3.179303315626078,
        1.718962497412901,
        -4.3853678923766815,
        -1.4991789389444636,
        -0.2390101635046568,
        3.622168549154881,
        5.396823627457744,
        5.660982479475681
    ],
    "std": [
        32.4283237955487,
        31.37262367036232,
        30.155474930762434,
        28.126380180199195,
        27.097711990189254,
        26.148743373957526,
        37.739210938823206,
        52.792504469040814,
        56.75138860280555,
        49.90223860158139,
        45.001427330308026,
        39.06606103398455
    ]
}